{"cdelt": [0.001388888888888889, 0.001388888888888889], "crpix": [3259.6032201108005, 4734.897293392997], "crval": [0.0, -0.2757842540740967], "shape": [9467, 6519]}