{"cdelt": [0.008333333333333333, 0.008333333333333333], "crpix": [913.3649509696, 921.0316523678962], "crval": [97.50416559979826, -7.45833685170031], "shape": [1827, 1825]}