{"cdelt": [0.001388888888888889, 0.001388888888888889], "crpix": [3262.203021020756, 4734.817539239841], "crval": [-0.0019366741180419922, -0.2761552333831787], "shape": [9467, 6523]}